user_id,name,email,join_date
1,Patrick Sanchez,jillrhodes@example.net,2025-03-24
2,Amanda Davis,williamjohnson@example.org,2024-01-20
3,Kimberly Robinson,lisa02@example.net,2025-05-23
4,Christopher Bernard,curtis61@example.com,2024-10-07
5,Dennis Williams,yherrera@example.org,2025-09-02
6,Mark Mcclure,barbara10@example.net,2025-01-15
7,Victoria Wyatt,jamesshawn@example.com,2024-05-09
8,Daniel Adams,lynchgeorge@example.net,2024-03-19
9,James Mayo,gabriellecameron@example.org,2024-05-22
10,Renee Morales,clarksherri@example.net,2024-05-09
11,Jonathan Wilkerson,ithomas@example.org,2024-07-15
12,Deborah Richards,icox@example.net,2025-06-14
13,Anthony Rodriguez,laurahenderson@example.org,2024-12-01
14,Zachary Rice,frazierdanny@example.net,2024-09-07
15,Martin Rodriguez,amoore@example.net,2025-06-19
16,Valerie Gill,harrellkenneth@example.net,2025-09-24
17,Brittany Farmer,georgetracy@example.org,2024-12-12
18,William Roman,brianhumphrey@example.org,2025-11-04
19,Rose Spence,davidalvarez@example.net,2024-01-19
20,Shane Henderson,sarahcampos@example.net,2024-03-21
21,Jennifer Powers,samuel87@example.org,2024-04-18
22,George Chapman,briannasmith@example.net,2024-05-24
23,Austin Johnson,chad34@example.net,2025-03-18
24,Carlos Walls,esanchez@example.com,2024-11-25
25,Matthew Gomez,uowens@example.org,2024-04-09
26,Maria Brown,lauren13@example.org,2025-04-20
27,Brenda White,ewright@example.com,2024-04-09
28,Krista Williams,novaksara@example.org,2025-08-02
29,John Hancock,martinaaron@example.com,2024-03-22
30,Rachel Mitchell,smoore@example.org,2024-06-06
31,Kimberly Adkins,williamsthomas@example.net,2023-12-29
32,Jordan York,larsonemma@example.org,2024-03-15
33,Steve Sanchez,harveyrobert@example.net,2024-09-22
34,Taylor Harris,john62@example.net,2025-01-26
35,Eugene Walton,smithchristine@example.net,2025-03-29
36,Daniel Baker,nicole35@example.com,2024-01-30
37,Joshua Turner,contrerasangela@example.net,2024-03-15
38,Brandy Wilson,newtoneric@example.com,2024-02-02
39,Grant Watts,william40@example.org,2025-02-25
40,Donald Smith,danagreen@example.net,2025-03-20
41,Jessica Smith,landryhannah@example.org,2024-10-22
42,Jacob Tran,tanderson@example.com,2025-01-10
43,Valerie Williams,jason31@example.com,2025-10-12
44,Shelly Dickson,sarayoung@example.org,2025-07-11
45,Sierra Johnson,kimberly63@example.com,2025-07-27
46,Ashley Brennan,dwalker@example.com,2024-03-16
47,Shelby Walker,raymondramirez@example.org,2024-07-08
48,Martin Ross,sheila14@example.org,2025-07-06
49,Deborah Rodriguez,yreed@example.com,2025-02-06
50,Kayla Cruz,jonathanfletcher@example.org,2024-10-17
51,Kimberly Ball,michaeljones@example.net,2024-12-21
52,Erik Charles,william65@example.com,2025-10-29
53,Cameron Fisher,lbyrd@example.net,2025-05-08
54,Joshua Smith,jason99@example.net,2025-01-29
55,Jeremy Lewis,yleon@example.net,2024-07-21
56,Diane Beck,clarence34@example.org,2024-03-24
57,Alexander Sanchez,xcarr@example.org,2025-08-01
58,Mark Lee,psnyder@example.org,2024-11-01
59,Stephanie Dalton,osbornejeffery@example.net,2025-04-06
60,Justin Lowery,bryantlaurie@example.net,2024-12-20
61,Linda Dodson DVM,jrivas@example.com,2024-12-30
62,Scott Cole,maryramirez@example.net,2025-10-10
63,Denise Jones,jimmy55@example.net,2024-11-24
64,David Benson,calebrussell@example.net,2024-01-15
65,Daniel Fisher,gateskathy@example.com,2024-11-09
66,Guy Molina,vmedina@example.net,2024-11-18
67,Connie Robinson,ytucker@example.com,2025-07-27
68,Jennifer Martin,ncalhoun@example.net,2025-04-16
69,Leslie Alvarado,dayderek@example.com,2023-12-04
70,James Lewis,matthew64@example.com,2024-04-03
71,Julie Curry,cookemichael@example.net,2024-05-27
72,Marissa Webster,jamessmith@example.org,2024-01-06
73,Michael Elliott,stevenscott@example.com,2024-05-17
74,Tracey Higgins,tamirodriguez@example.org,2024-03-23
75,Michael Rubio,mdavid@example.org,2025-11-04
76,Lori Garcia,melissa91@example.net,2025-02-15
77,Joseph Stanley,huntermatthew@example.com,2025-07-13
78,Jeffrey Cox PhD,bzimmerman@example.org,2025-08-13
79,Marie Gilbert,umarshall@example.net,2025-06-05
80,David Michael,nicole37@example.net,2024-06-09
81,Gabrielle Snyder,hunter35@example.com,2025-03-02
82,Kyle Beard,blackjames@example.org,2024-08-04
83,Justin Allen,fbrewer@example.com,2025-05-26
84,Edward Sullivan,kevinperkins@example.com,2025-07-21
85,Jessica Reese,michael74@example.com,2025-01-16
86,Nathan Stewart,jamesrodgers@example.com,2024-05-27
87,Paige Carlson,wallkenneth@example.com,2025-05-29
88,Michael Martinez,mccannangela@example.net,2024-04-01
89,Nicole Garcia,andrewstaylor@example.com,2024-02-20
90,Anthony Everett,ewilson@example.com,2024-08-04
91,Mark Brown,lisaavery@example.org,2024-11-29
92,Phillip Obrien,kimberlyjames@example.com,2024-05-24
93,Wanda Torres,lynchjody@example.org,2024-07-01
94,Matthew Moore,andreamoore@example.com,2025-03-13
95,Julie Johnson,jasmine71@example.net,2024-10-28
96,Rachel Weber,ronaldstephens@example.net,2024-05-13
97,Samantha Jones,lauralarson@example.net,2024-03-08
98,Caleb Barker,gbender@example.net,2025-10-29
99,Kyle Preston,cassandra01@example.org,2024-12-01
100,Laura Sampson,barbara27@example.net,2025-04-20
101,Donald Shea,fwalters@example.org,2025-04-03
102,Gary Santiago,marksteele@example.com,2024-11-13
103,Robin Pierce,qmiller@example.com,2025-04-11
104,Jennifer Robertson,sandovalamy@example.com,2024-02-12
105,Isaiah Avila,nwolf@example.com,2023-12-26
106,Dwayne Gilmore,omartinez@example.net,2025-01-13
107,Christopher Pierce,hdavis@example.com,2025-07-26
108,Brittany Cantu,william46@example.com,2024-02-13
109,Juan Reyes,michellehill@example.com,2024-11-14
110,Katie Hoover,jessica99@example.net,2024-08-03
111,Jill Washington,andrea86@example.com,2024-11-28
112,Colin Terry,xhall@example.com,2025-11-07
113,John Mcintyre,qhughes@example.net,2023-12-17
114,Andrew Shaw MD,sawyerscott@example.net,2024-03-11
115,Nathan Ortiz,charlesharrington@example.com,2025-10-21
116,Jennifer Miller,melissa86@example.com,2024-08-02
117,Olivia Brennan,williamsonjimmy@example.net,2025-03-14
118,Darren Davis,hodgesjane@example.org,2025-10-29
119,Elijah Johnson,laura45@example.com,2024-10-23
120,Joseph Knight,georgemiller@example.com,2024-10-13
121,Kathleen Aguilar,stevenking@example.com,2025-03-09
122,Robert Santana,charleslandry@example.net,2025-04-14
123,Jessica Wright,james67@example.org,2024-07-03
124,Ian Phillips,andrew64@example.org,2024-05-16
125,Paula Beltran,swall@example.org,2025-01-26
126,Colleen Lee,erica21@example.net,2025-02-27
127,Richard Johnson,jessica14@example.com,2025-03-30
128,Curtis Buchanan,alyssa42@example.com,2025-06-16
129,Karen Drake,linda71@example.org,2025-10-23
130,Shannon Ramsey,zcoffey@example.net,2025-06-21
131,James Baker,gibsonemily@example.net,2024-08-24
132,Samantha Bentley,leonardthomas@example.net,2024-06-04
133,Erin Bishop,reidsteven@example.net,2025-09-30
134,Audrey Williams,torrestravis@example.org,2024-07-05
135,Brandy Chavez,umatthews@example.org,2024-05-14
136,Brett Burns,rcrosby@example.org,2025-10-01
137,Jeremy Sampson,cory58@example.net,2025-05-03
138,Donald Donaldson,ndavis@example.net,2024-08-18
139,Alison Buchanan,vanessabuchanan@example.org,2025-03-24
140,Kristen Willis,markhernandez@example.net,2024-01-06
141,William Huerta,lauren10@example.org,2023-11-16
142,Richard Chapman,thompsonbrian@example.net,2023-11-25
143,Nichole Alvarez,william17@example.net,2024-10-05
144,Amanda Logan,stephen00@example.com,2024-05-04
145,Michael Henry,fjones@example.com,2025-09-02
146,Cameron Weber,oscar98@example.com,2025-02-28
147,Jessica Mcguire,farrelldebra@example.net,2024-10-31
148,Jessica Beasley,dmorgan@example.com,2025-05-26
149,Emily Edwards,nicholas27@example.org,2024-10-02
150,Anna Davis,lisa80@example.net,2024-01-23
